{"0": {"loss": 0.7364272475242615, "auc": 0.5957372188568115, "val_loss": 0.8790310621261597, "val_auc": 0.424094557762146}, "1": {"loss": 0.6412662863731384, "auc": 0.6935195922851562, "val_loss": 0.7581707835197449, "val_auc": 0.5224244594573975}}