{"0": {"loss": 0.8524852395057678, "auc": 0.8776595592498779, "val_loss": 0.49546512961387634, "val_auc": 0.9580000042915344}, "1": {"loss": 0.3434452712535858, "auc": 0.9782187938690186, "val_loss": 0.3305496871471405, "val_auc": 0.9742000102996826}, "2": {"loss": 0.23451726138591766, "auc": 0.9883195161819458, "val_loss": 0.5520139932632446, "val_auc": 0.9617999792098999}, "3": {"loss": 0.5847166776657104, "auc": 0.9392258524894714, "val_loss": 0.4619976878166199, "val_auc": 0.9670666456222534}, "4": {"loss": 0.3425522744655609, "auc": 0.978869616985321, "val_loss": 0.3740007281303406, "val_auc": 0.968999981880188}, "5": {"loss": 0.25001636147499084, "auc": 0.9857732057571411, "val_loss": 0.27400803565979004, "val_auc": 0.9827333092689514}, "6": {"loss": 0.39650651812553406, "auc": 0.9697543978691101, "val_loss": 0.3720104992389679, "val_auc": 0.9725333452224731}, "7": {"loss": 0.24823378026485443, "auc": 0.9892579913139343, "val_loss": 0.3315625488758087, "val_auc": 0.9765332937240601}, "8": {"loss": 0.16274504363536835, "auc": 0.9935255646705627, "val_loss": 0.30342352390289307, "val_auc": 0.9809999465942383}, "9": {"loss": 0.12236928939819336, "auc": 0.9968641400337219, "val_loss": 0.27699536085128784, "val_auc": 0.9819332957267761}, "10": {"loss": 0.126748189330101, "auc": 0.9964209198951721, "val_loss": 0.30679747462272644, "val_auc": 0.9805333614349365}, "11": {"loss": 0.11172384768724442, "auc": 0.9974865913391113, "val_loss": 0.3466652035713196, "val_auc": 0.9829332828521729}, "13": {"loss": 0.21222804486751556, "auc": 0.9917714595794678, "val_loss": 0.24680103361606598, "val_auc": 0.9877333641052246}, "14": {"loss": 0.1482076644897461, "auc": 0.9960672855377197, "val_loss": 0.2821608781814575, "val_auc": 0.9835332632064819}, "15": {"loss": 0.10440973192453384, "auc": 0.9970102906227112, "val_loss": 0.28031542897224426, "val_auc": 0.9852666854858398}, "16": {"loss": 0.1054493859410286, "auc": 0.996882975101471, "val_loss": 0.2644892930984497, "val_auc": 0.9873999953269958}, "17": {"loss": 0.09621501713991165, "auc": 0.9979534149169922, "val_loss": 0.24972015619277954, "val_auc": 0.9807332158088684}, "19": {"loss": 0.09941167384386063, "auc": 0.9978827834129333, "val_loss": 0.28287482261657715, "val_auc": 0.9810000061988831}, "20": {"loss": 0.09349242597818375, "auc": 0.9985429048538208, "val_loss": 0.26182958483695984, "val_auc": 0.9789999723434448}, "21": {"loss": 0.08724189549684525, "auc": 0.9980949759483337, "val_loss": 0.22713300585746765, "val_auc": 0.9821999669075012}, "29": {"loss": 0.10907381027936935, "auc": 0.9983353614807129, "val_loss": 0.25357288122177124, "val_auc": 0.9883332848548889}, "30": {"loss": 0.07435236126184464, "auc": 0.9989060163497925, "val_loss": 0.28663763403892517, "val_auc": 0.9899998903274536}, "32": {"loss": 0.07544656842947006, "auc": 0.9987834095954895, "val_loss": 0.26961421966552734, "val_auc": 0.9819332957267761}, "33": {"loss": 0.06930096447467804, "auc": 0.9991700649261475, "val_loss": 0.269308477640152, "val_auc": 0.9824666380882263}, "36": {"loss": 0.0590675063431263, "auc": 0.9993540048599243, "val_loss": 0.28598228096961975, "val_auc": 0.9821999669075012}, "40": {"loss": 0.09719566255807877, "auc": 0.9978874325752258, "val_loss": 0.4132609963417053, "val_auc": 0.9640666246414185}, "48": {"loss": 0.1761353313922882, "auc": 0.9913658499717712, "val_loss": 0.2551976442337036, "val_auc": 0.9833999872207642}, "49": {"loss": 0.12167005985975266, "auc": 0.9955248832702637, "val_loss": 0.3121234178543091, "val_auc": 0.9833333492279053}, "60": {"loss": 0.10590407252311707, "auc": 0.9980194568634033, "val_loss": 0.33141109347343445, "val_auc": 0.9773999452590942}, "67": {"loss": 0.07046803832054138, "auc": 0.9992454648017883, "val_loss": 0.27416446805000305, "val_auc": 0.9827333688735962}, "69": {"loss": 0.06527431309223175, "auc": 0.9991888999938965, "val_loss": 0.23853647708892822, "val_auc": 0.9837332963943481}, "71": {"loss": 0.07513220608234406, "auc": 0.9988257884979248, "val_loss": 0.21015092730522156, "val_auc": 0.984000027179718}, "72": {"loss": 0.06394506245851517, "auc": 0.9989955425262451, "val_loss": 0.20594924688339233, "val_auc": 0.9842666387557983}, "73": {"loss": 0.0631563663482666, "auc": 0.9991323947906494, "val_loss": 0.22491249442100525, "val_auc": 0.9839333295822144}, "74": {"loss": 0.06417744606733322, "auc": 0.9993303418159485, "val_loss": 0.20574407279491425, "val_auc": 0.984666645526886}, "75": {"loss": 0.053672876209020615, "auc": 0.9995850324630737, "val_loss": 0.2234063595533371, "val_auc": 0.9840666651725769}, "76": {"loss": 0.05647716671228409, "auc": 0.9993115067481995, "val_loss": 0.2029399275779724, "val_auc": 0.9844666719436646}, "78": {"loss": 0.04836096987128258, "auc": 0.9995284676551819, "val_loss": 0.28058701753616333, "val_auc": 0.9842665791511536}, "79": {"loss": 0.07242457568645477, "auc": 0.999184250831604, "val_loss": 0.2213648557662964, "val_auc": 0.984333336353302}, "80": {"loss": 0.04950504004955292, "auc": 0.9996604323387146, "val_loss": 0.21700893342494965, "val_auc": 0.9848000407218933}, "81": {"loss": 0.0481463223695755, "auc": 0.9996180534362793, "val_loss": 0.2125725895166397, "val_auc": 0.9855333566665649}, "100": {"loss": 0.03847783803939819, "auc": 0.9997642636299133, "val_loss": 0.30322128534317017, "val_auc": 0.9824666976928711}, "120": {"loss": 0.023374289274215698, "auc": 0.9999057054519653, "val_loss": 0.2610319256782532, "val_auc": 0.9833999872207642}, "121": {"loss": 0.010065030306577682, "auc": 1.0, "val_loss": 0.25139811635017395, "val_auc": 0.9851999878883362}, "122": {"loss": 0.025225190445780754, "auc": 0.999858558177948, "val_loss": 0.20993363857269287, "val_auc": 0.9854666590690613}, "127": {"loss": 0.031238121911883354, "auc": 0.9999717473983765, "val_loss": 0.1877749115228653, "val_auc": 0.9849333167076111}, "128": {"loss": 0.02267571911215782, "auc": 0.999962329864502, "val_loss": 0.16523492336273193, "val_auc": 0.9854666590690613}, "129": {"loss": 0.009928472340106964, "auc": 1.0, "val_loss": 0.1676681935787201, "val_auc": 0.985599935054779}, "130": {"loss": 0.006822196766734123, "auc": 1.0, "val_loss": 0.17651695013046265, "val_auc": 0.9857333302497864}, "131": {"loss": 0.0034875720739364624, "auc": 1.0, "val_loss": 0.177094504237175, "val_auc": 0.9857999086380005}, "132": {"loss": 0.002636974211782217, "auc": 1.0, "val_loss": 0.1807432770729065, "val_auc": 0.9858666658401489}, "133": {"loss": 0.0023840207140892744, "auc": 1.0, "val_loss": 0.18139570951461792, "val_auc": 0.9859333634376526}, "134": {"loss": 0.001751554780639708, "auc": 1.0, "val_loss": 0.1837863028049469, "val_auc": 0.9861332774162292}, "135": {"loss": 0.0017057296354323626, "auc": 1.0, "val_loss": 0.1825868934392929, "val_auc": 0.9861332774162292}, "136": {"loss": 0.0014589069178327918, "auc": 1.0, "val_loss": 0.18396003544330597, "val_auc": 0.9861332774162292}, "137": {"loss": 0.0014400630025193095, "auc": 1.0, "val_loss": 0.18513788282871246, "val_auc": 0.9862666726112366}, "138": {"loss": 0.0013329415814951062, "auc": 1.0, "val_loss": 0.18664653599262238, "val_auc": 0.9862666726112366}, "139": {"loss": 0.0011561642168089747, "auc": 1.0, "val_loss": 0.18816302716732025, "val_auc": 0.9864000082015991}, "140": {"loss": 0.0010369399096816778, "auc": 1.0, "val_loss": 0.18955346941947937, "val_auc": 0.9864000082015991}, "141": {"loss": 0.0010279046837240458, "auc": 1.0, "val_loss": 0.1913071572780609, "val_auc": 0.9864000082015991}, "142": {"loss": 0.0008915247162804008, "auc": 1.0, "val_loss": 0.19285371899604797, "val_auc": 0.9864000082015991}, "143": {"loss": 0.0008447200525552034, "auc": 1.0, "val_loss": 0.19443444907665253, "val_auc": 0.9864000082015991}, "144": {"loss": 0.0008374126045964658, "auc": 1.0, "val_loss": 0.19599483907222748, "val_auc": 0.9864000082015991}, "145": {"loss": 0.0007064364617690444, "auc": 1.0, "val_loss": 0.19712811708450317, "val_auc": 0.9864000082015991}, "146": {"loss": 0.0007412080303765833, "auc": 1.0,