{
  "0": {
    "loss": 0.7135046720504761,
    "auc": 0.4756835699081421,
    "val_loss": 0.6655512452125549,
    "val_auc": 0.6481249928474426
  },
  "1": {
    "loss": 0.6128487586975098,
    "auc": 0.7171875238418579,
    "val_loss": 0.5463026762008667,
    "val_auc": 0.7862499952316284
  },
  "2": {
    "loss": 0.5904300808906555,
    "auc": 0.744570255279541,
    "val_loss": 0.622022271156311,
    "val_auc": 0.747499942779541
  },
  "3": {
    "loss": 0.5463211536407471,
    "auc": 0.7879687547683716,
    "val_loss": 0.5869414806365967,
    "val_auc": 0.7724999785423279
  },
  "4": {
    "loss": 0.5232661962509155,
    "auc": 0.8171874284744263,
    "val_loss": 0.5245329141616821,
    "val_auc": 0.8006249666213989
  },
  "5": {
    "loss": 0.5120190382003784,
    "auc": 0.8278124928474426,
    "val_loss": 0.5074986219406128,
    "val_auc": 0.8315625190734863
  },
  "6": {
    "loss": 0.5083872079849243,
    "auc": 0.8272460699081421,
    "val_loss": 0.485297828912735,
    "val_auc": 0.8299999833106995
  },
  "7": {
    "loss": 0.5454100370407104,
    "auc": 0.8003125190734863,
    "val_loss": 0.47819504141807556,
    "val_auc": 0.840624988079071
  },
  "8": {
    "loss": 0.5102351903915405,
    "auc": 0.8193163871765137,
    "val_loss": 0.4698718190193176,
    "val_auc": 0.8531250357627869
  },
  "9": {
    "loss": 0.48671263456344604,
    "auc": 0.8345311880111694,
    "val_loss": 0.4866693615913391,
    "val_auc": 0.8243750333786011
  },
  "10": {
    "loss": 0.47926631569862366,
    "auc": 0.8468554615974426,
    "val_loss": 0.4518145024776459,
    "val_auc": 0.8537499904632568
  },
  "11": {
    "loss": 0.4535976052284241,
    "auc": 0.8592187166213989,
    "val_loss": 0.4401426315307617,
    "val_auc": 0.8674999475479126
  },
  "12": {
    "loss": 0.4045458734035492,
    "auc": 0.8953320384025574,
    "val_loss": 0.43970003724098206,
    "val_auc": 0.8768750429153442
  },
  "13": {
    "loss": 0.4324518144130707,
    "auc": 0.8725781440734863,
    "val_loss": 0.4545741081237793,
    "val_auc": 0.8740625381469727
  },
  "14": {
    "loss": 0.4201993942260742,
    "auc": 0.8926562666893005,
    "val_loss": 0.41036662459373474,
    "val_auc": 0.890625
  },
  "15": {
    "loss": 0.44707512855529785,
    "auc": 0.8721094131469727,
    "val_loss": 0.43319448828697205,
    "val_auc": 0.8668750524520874
  },
  "16": {
    "loss": 0.3508608043193817,
    "auc": 0.9202147722244263,
    "val_loss": 0.431637704372406,
    "val_auc": 0.87437504529953
  },
  "17": {
    "loss": 0.38828423619270325,
    "auc": 0.899218738079071,
    "val_loss": 0.4576702117919922,
    "val_auc": 0.8590625524520874
  },
  "18": {
    "loss": 0.38401132822036743,
    "auc": 0.8999804258346558,
    "val_loss": 0.3745872974395752,
    "val_auc": 0.9143750071525574
  },
  "20": {
    "loss": 0.41454973816871643,
    "auc": 0.8961718678474426,
    "val_loss": 0.45064777135849,
    "val_auc": 0.8781250715255737
  },
  "21": {
    "loss": 0.34812888503074646,
    "auc": 0.926562488079071,
    "val_loss": 0.3621245324611664,
    "val_auc": 0.9187500476837158
  },
  "22": {
    "loss": 0.4510055482387543,
    "auc": 0.8710156083106995,
    "val_loss": 0.38453808426856995,
    "val_auc": 0.9118750691413879
  },
  "23": {
    "loss": 0.34108418226242065,
    "auc": 0.9277148246765137,
    "val_loss": 0.3896777033805847,
    "val_auc": 0.9118750095367432
  },
  "24": {
    "loss": 0.32563409209251404,
    "auc": 0.9344922304153442,
    "val_loss": 0.33411872386932373,
    "val_auc": 0.9337500333786011
  },
  "27": {
    "loss": 0.418975830078125,
    "auc": 0.9185742139816284,
    "val_loss": 0.4285196363925934,
    "val_auc": 0.8849999904632568
  },
  "29": {
    "loss": 0.36725568771362305,
    "auc": 0.9241405725479126,
    "val_loss": 0.36559629440307617,
    "val_auc": 0.9143750667572021
  },
  "30": {
    "loss": 0.3421005308628082,
    "auc": 0.9290234446525574,
    "val_loss": 0.33257031440734863,
    "val_auc": 0.9350000619888306
  },
  "31": {
    "loss": 0.3510162830352783,
    "auc": 0.9269140362739563,
    "val_loss": 0.3698047697544098,
    "val_auc": 0.9125000238418579
  },
  "32": {
    "loss": 0.31955963373184204,
    "auc": 0.9369140267372131,
    "val_loss": 0.33230581879615784,
    "val_auc": 0.9296875
  },
  "33": {
    "loss": 0.2939240038394928,
    "auc": 0.9470897912979126,
    "val_loss": 0.2955217957496643,
    "val_auc": 0.9425000548362732
  },
  "34": {
    "loss": 0.25963589549064636,
    "auc": 0.9580077528953552,
    "val_loss": 0.2846709191799164,
    "val_auc": 0.9468749761581421
  },
  "36": {
    "loss": 0.3086645007133484,
    "auc": 0.9435546398162842,
    "val_loss": 0.28831979632377625,
    "val_auc": 0.9515625238418579
  },
  "39": {
    "loss": 0.33890199661254883,
    "auc": 0.9274218678474426,
    "val_loss": 0.2942446172237396,
    "val_auc": 0.9474999904632568
  },
  "40": {
    "loss": 0.3181813955307007,
    "auc": 0.9378906488418579,
    "val_loss": 0.34049731492996216,
    "val_auc": 0.9281250238418579
  },
  "42": {
    "loss": 0.2571716606616974,
    "auc": 0.9576562643051147,
    "val_loss": 0.2740468978881836,
    "val_auc": 0.953125
  },
  "43": {
    "loss": 0.3394317328929901,
    "auc": 0.9354687929153442,
    "val_loss": 0.3183336853981018,
    "val_auc": 0.9225000143051147
  },
  "45": {
    "loss": 0.3699093461036682,
    "auc": 0.9160351753234863,
    "val_loss": 0.3040556311607361,
    "val_auc": 0.95250004529953
  },
  "47": {
    "loss": 0.2780780494213104,
    "auc": 0.9526171684265137,
    "val_loss": 0.30012044310569763,
    "val_auc": 0.9431250095367432
  },
  "48": {
    "loss": 0.26928824186325073,
    "auc": 0.9578710794448853,
    "val_loss": 0.2578117251396179,
    "val_auc": 0.9612500071525574
  },
  "49": {
    "loss": 0.32807648181915283,
    "auc": 0.9352343678474426,
    "val_loss": 0.29994603991508484,
    "val_auc": 0.9459375739097595
  },
  "50": {
    "loss": 0.26781952381134033,
    "auc": 0.9563281536102295,
    "val_loss": 0.31032946705818176,
    "val_auc": 0.9412499666213989
  },
  "53": {
    "loss": 0.3250569999217987,
    "auc": 0.937070369720459,
    "val_loss": 0.3032190799713135,
    "val_auc": 0.9487500190734863
  },
  "55": {
    "loss": 0.2436458170413971,
    "auc": 0.9641796946525574,
    "val_loss": 0.2847435474395752,
    "val_auc": 0.9474999904632568
  },
  "60": {
    "loss": 0.2760537564754486,
    "auc": 0.95374995470047,
    "val_loss": 0.28122735023498535,
    "val_auc": 0.9462500214576721
  },
  "63": {
    "loss": 0.23298557102680206,
    "auc": 0.9667969346046448,
    "val_loss": 0.2736005485057831,
    "val_auc": 0.9481250047683716
  },
  "64": {
    "loss": 0.21601514518260956,
    "auc": 0.9708007574081421,
    "val_loss": 0.26484906673431396,
    "val_auc": 0.955625057220459
  },
  "70": {
    "loss": 0.26138433814048767,
    "auc": 0.9582421779632568,
    "val_loss": 0.27783074975013733,
    "val_auc": 0.9512500166893005
  },
  "77": {
    "loss": 0.1946932077407837,
    "auc": 0.9774023294448853,
    "val_loss": 0.26379385590553284,
    "val_auc": 0.955625057220459
  },
  "79": {
    "loss": 0.22936002910137177,
    "auc": 0.9688280820846558,
    "val_loss": 0.2972750663757324,
    "val_auc": 0.9474999904632568
  },
  "80": {
    "loss": 0.21744704246520996,
    "auc": 0.9716016054153442,
    "val_loss": 0.3174319863319397,
    "val_auc": 0.9418749809265137
  },
  "81": {
    "loss": 0.17819690704345703,
    "auc": 0.9810937643051147,
    "val_loss": 0.2834740877151489,
    "val_auc": 0.9550000429153442
  },
  "85": {
    "loss": 0.2621290981769562,
    "auc": 0.9574218392372131,
    "val_loss": 0.2836686968803406,
    "val_auc": 0.949999988079071
  },
  "88": {
    "loss": 0.18764249980449677,
    "auc": 0.98082035779953,
    "val_loss": 0.26434245705604553,
    "val_auc": 0.9556249976158142
  },
  "89": {
    "loss": 0.1834300309419632,
    "auc": 0.9800782203674316,
    "val_loss": 0.2916465997695923,
    "val_auc": 0.9524999856948853
  },