{
  "0": {
    "loss": 0.7918727397918701,
    "auc": 0.9123896956443787,
    "val_loss": 0.37878701090812683,
    "val_auc": 0.9721902012825012
  },
  "1": {
    "loss": 0.2413727194070816,
    "auc": 0.9864004254341125,
    "val_loss": 0.4179976284503937,
    "val_auc": 0.9809688925743103
  },
  "2": {
    "loss": 0.2238287776708603,
    "auc": 0.9885072708129883,
    "val_loss": 0.3460891842842102,
    "val_auc": 0.9787261486053467
  },
  "3": {
    "loss": 0.0993027463555336,
    "auc": 0.9967357516288757,
    "val_loss": 0.3759516477584839,
    "val_auc": 0.986799955368042
  },
  "4": {
    "loss": 0.15862448513507843,
    "auc": 0.9922869801521301,
    "val_loss": 0.45598968863487244,
    "val_auc": 0.9816096425056458
  },
  "5": {
    "loss": 0.14150583744049072,
    "auc": 0.9955240488052368,
    "val_loss": 0.3422989547252655,
    "val_auc": 0.98231440782547
  },
  "6": {
    "loss": 0.10262012481689453,
    "auc": 0.9968125820159912,
    "val_loss": 0.2421029657125473,
    "val_auc": 0.9923747181892395
  },
  "7": {
    "loss": 0.13594645261764526,
    "auc": 0.9961751699447632,
    "val_loss": 0.37174928188323975,
    "val_auc": 0.9711650013923645
  },
  "8": {
    "loss": 0.13360559940338135,
    "auc": 0.9956145286560059,
    "val_loss": 0.34193432331085205,
    "val_auc": 0.9872485399246216
  },
  "9": {
    "loss": 0.08152780681848526,
    "auc": 0.9969799518585205,
    "val_loss": 0.2392808198928833,
    "val_auc": 0.992695152759552
  },
  "10": {
    "loss": 0.05301110818982124,
    "auc": 0.9989013671875,
    "val_loss": 0.24507354199886322,
    "val_auc": 0.9913495182991028
  },
  "11": {
    "loss": 0.036669958382844925,
    "auc": 0.9996835589408875,
    "val_loss": 0.33263692259788513,
    "val_auc": 0.9771241545677185
  },
  "12": {
    "loss": 0.14911699295043945,
    "auc": 0.9954970479011536,
    "val_loss": 0.18586429953575134,
    "val_auc": 0.9960912466049194
  },
  "14": {
    "loss": 0.14564114809036255,
    "auc": 0.9947554469108582,
    "val_loss": 0.24266834557056427,
    "val_auc": 0.9898756742477417
  },
  "20": {
    "loss": 0.1167156994342804,
    "auc": 0.9982458353042603,
    "val_loss": 0.4242952764034271,
    "val_auc": 0.9867998957633972
  },
  "21": {
    "loss": 0.06428607553243637,
    "auc": 0.9980830550193787,
    "val_loss": 0.3359842598438263,
    "val_auc": 0.9839805364608765
  },
  "22": {
    "loss": 0.05691581964492798,
    "auc": 0.9986255168914795,
    "val_loss": 0.2806237041950226,
    "val_auc": 0.9859027862548828
  },
  "23": {
    "loss": 0.09943564981222153,
    "auc": 0.9972059726715088,
    "val_loss": 0.33856451511383057,
    "val_auc": 0.9885941743850708
  },
  "24": {
    "loss": 0.09407316893339157,
    "auc": 0.9970115423202515,
    "val_loss": 0.3050401210784912,
    "val_auc": 0.9880174398422241
  },
  "25": {
    "loss": 0.08001656085252762,
    "auc": 0.9982865452766418,
    "val_loss": 0.26720261573791504,
    "val_auc": 0.9884660243988037
  },
  "26": {
    "loss": 0.07302390784025192,
    "auc": 0.998932957649231,
    "val_loss": 0.26313474774360657,
    "val_auc": 0.9897475838661194
  },
  "27": {
    "loss": 0.046432968229055405,
    "auc": 0.9991409778594971,
    "val_loss": 0.345580518245697,
    "val_auc": 0.9873125553131104
  },
  "28": {
    "loss": 0.050064101815223694,
    "auc": 0.9997151494026184,
    "val_loss": 0.21335025131702423,
    "val_auc": 0.9909650087356567
  },
  "29": {
    "loss": 0.12357482314109802,
    "auc": 0.997287392616272,
    "val_loss": 0.22262586653232574,
    "val_auc": 0.9907727837562561
  },
  "30": {
    "loss": 0.09143155813217163,
    "auc": 0.9977349042892456,
    "val_loss": 0.2717854976654053,
    "val_auc": 0.990644633769989
  },
  "35": {
    "loss": 0.0825519934296608,
    "auc": 0.9950991272926331,
    "val_loss": 0.28991612792015076,
    "val_auc": 0.9929514527320862
  },
  "41": {
    "loss": 0.1639411747455597,
    "auc": 0.9955105185508728,
    "val_loss": 0.14950180053710938,
    "val_auc": 0.9960913062095642
  },
  "43": {
    "loss": 0.05321204662322998,
    "auc": 0.9995569586753845,
    "val_loss": 0.19605381786823273,
    "val_auc": 0.9908368587493896
  },
  "44": {
    "loss": 0.028024358674883842,
    "auc": 0.9999457001686096,
    "val_loss": 0.25074303150177,
    "val_auc": 0.9907727837562561
  },
  "45": {
    "loss": 0.029503151774406433,
    "auc": 0.9998598098754883,
    "val_loss": 0.21651926636695862,
    "val_auc": 0.993784487247467
  },
  "80": {
    "loss": 0.0003943672636523843,
    "auc": 1.0,
    "val_loss": 0.3656434714794159,
    "val_auc": 0.9734717607498169
  },
  "final": {
    "loss": 9.619403863325715e-05,
    "auc": 1.0,
    "val_loss": 0.42902135848999023,
    "val_auc": 0.9734717607498169
  }
}