{"0": {"loss": 0.6722823977470398, "auc": 0.6178087592124939, "val_loss": 0.687858521938324, "val_auc": 0.5948388576507568}, "1": {"loss": 0.6952340006828308, "auc": 0.5808694362640381, "val_loss": 0.6920530200004578, "val_auc": 0.6068376302719116}, "2": {"loss": 0.6902035474777222, "auc": 0.5735224485397339, "val_loss": 0.6904836297035217, "val_auc": 0.5946745276451111}, "3": {"loss": 0.6858764290809631, "auc": 0.5693907737731934, "val_loss": 0.6761402487754822, "val_auc": 0.5971400141716003}, "4": {"loss": 0.6809256076812744, "auc": 0.5964589715003967, "val_loss": 0.6777549982070923, "val_auc": 0.6093031167984009}, "5": {"loss": 0.6780857443809509, "auc": 0.5936678647994995, "val_loss": 0.6879857182502747, "val_auc": 0.6492438912391663}, "6": {"loss": 0.6842759847640991, "auc": 0.5860642194747925, "val_loss": 0.6731755137443542, "val_auc": 0.6568046808242798}, "7": {"loss": 0.6750695705413818, "auc": 0.6071207523345947, "val_loss": 0.6683238744735718, "val_auc": 0.6339578628540039}, "8": {"loss": 0.6725814938545227, "auc": 0.6348749995231628, "val_loss": 0.675208568572998, "val_auc": 0.6374096274375916}, "9": {"loss": 0.6740125417709351, "auc": 0.611409604549408, "val_loss": 0.6697527170181274, "val_auc": 0.64891517162323}, "10": {"loss": 0.6678703427314758, "auc": 0.6288842558860779, "val_loss": 0.6468706130981445, "val_auc": 0.6792405843734741}, "11": {"loss": 0.6543545722961426, "auc": 0.6611105799674988, "val_loss": 0.6281837821006775, "val_auc": 0.7134286761283875}, "12": {"loss": 0.6359842419624329, "auc": 0.6913155317306519, "val_loss": 0.6144152283668518, "val_auc": 0.7525476217269897}, "13": {"loss": 0.6296916007995605, "auc": 0.7046218514442444, "val_loss": 0.5615363717079163, "val_auc": 0.7833662033081055}, "15": {"loss": 0.6574403643608093, "auc": 0.6368334889411926, "val_loss": 0.606301486492157, "val_auc": 0.7357823848724365}, "16": {"loss": 0.6076250076293945, "auc": 0.7302866578102112, "val_loss": 0.5902411341667175, "val_auc": 0.7610946893692017}, "17": {"loss": 0.6013829112052917, "auc": 0.7393512725830078, "val_loss": 0.7488722801208496, "val_auc": 0.718606173992157}, "18": {"loss": 0.6107478737831116, "auc": 0.7257097959518433, "val_loss": 0.5838542580604553, "val_auc": 0.7991452813148499}, "19": {"loss": 0.5831500291824341, "auc": 0.7614446878433228, "val_loss": 0.5822932124137878, "val_auc": 0.7578895092010498}, "20": {"loss": 0.6126207113265991, "auc": 0.7078738212585449, "val_loss": 0.5906843543052673, "val_auc": 0.7845168113708496}, "21": {"loss": 0.5997370481491089, "auc": 0.7482640147209167, "val_loss": 0.554512083530426, "val_auc": 0.788297176361084}, "22": {"loss": 0.5886580944061279, "auc": 0.7356489896774292, "val_loss": 0.5925106406211853, "val_auc": 0.7519723773002625}, "23": {"loss": 0.5702713131904602, "auc": 0.770462155342102, "val_loss": 0.5478200912475586, "val_auc": 0.7956936359405518}, "24": {"loss": 0.5481845736503601, "auc": 0.7936866879463196, "val_loss": 0.5168321132659912, "val_auc": 0.8307856917381287}, "25": {"loss": 0.5705593824386597, "auc": 0.7688754796981812, "val_loss": 0.5696982741355896, "val_auc": 0.7922419309616089}, "26": {"loss": 0.5457419753074646, "auc": 0.7905290126800537, "val_loss": 0.539669394493103, "val_auc": 0.8176364302635193}, "28": {"loss": 0.5553590655326843, "auc": 0.784883975982666, "val_loss": 0.5313659310340881, "val_auc": 0.812458872795105}, "29": {"loss": 0.5222049951553345, "auc": 0.8098731637001038, "val_loss": 0.5210294723510742, "val_auc": 0.8177185654640198}, "30": {"loss": 0.4979991614818573, "auc": 0.832500696182251, "val_loss": 0.5158979296684265, "val_auc": 0.8206771612167358}, "31": {"loss": 0.514895498752594, "auc": 0.815026044845581, "val_loss": 0.5382930636405945, "val_auc": 0.8150887489318848}, "32": {"loss": 0.5239015221595764, "auc": 0.8165656328201294, "val_loss": 0.5721052885055542, "val_auc": 0.7952005863189697}, "33": {"loss": 0.511658787727356, "auc": 0.8226296305656433, "val_loss": 0.5097379684448242, "val_auc": 0.8248685002326965}, "34": {"loss": 0.5293528437614441, "auc": 0.8082812428474426, "val_loss": 0.5327180027961731, "val_auc": 0.8184581995010376}, "35": {"loss": 0.5171064138412476, "auc": 0.8252636194229126, "val_loss": 0.5094871520996094, "val_auc": 0.8491123914718628}, "36": {"loss": 0.4710046350955963, "auc": 0.8520542979240417, "val_loss": 0.5769907832145691, "val_auc": 0.8212524652481079}, "37": {"loss": 0.4845845699310303, "auc": 0.8419476747512817, "val_loss": 0.5571817755699158, "val_auc": 0.8213346600532532}, "38": {"loss": 0.48985758423805237, "auc": 0.8344225883483887, "val_loss": 0.5450270771980286, "val_auc": 0.8431951999664307}, "40": {"loss": 0.49404194951057434, "auc": 0.8325949311256409, "val_loss": 0.5298665165901184, "val_auc": 0.8228139281272888}, "42": {"loss": 0.48440033197402954, "auc": 0.8406122922897339, "val_loss": 0.49066856503486633, "val_auc": 0.8563445210456848}, "43": {"loss": 0.4381454586982727, "auc": 0.8750170469284058, "val_loss": 0.5072129964828491, "val_auc": 0.8676857352256775}, "45": {"loss": 0.5395556688308716, "auc": 0.8043484687805176, "val_loss": 0.48439881205558777, "val_auc": 0.865220308303833}, "46": {"loss": 0.4554811716079712, "auc": 0.867261528968811, "val_loss": 0.5084261298179626, "val_auc": 0.8411406874656677}, "47": {"loss": 0.4775117039680481, "auc": 0.8528345823287964, "val_loss": 0.5249503254890442, "val_auc": 0.8397436141967773}, "48": {"loss": 0.45329615473747253, "auc": 0.865161657333374, "val_loss": 0.5052863359451294, "val_auc": 0.8538789749145508}, "49": {"loss": 0.45794886350631714, "auc": 0.85850590467453, "val_loss": 0.5785841941833496, "val_auc": 0.8257725238800049}, "50": {"loss": 0.4863249659538269, "auc": 0.842555046081543, "val_loss": 0.5669471025466919, "val_auc": 0.8330045938491821}, "51": {"loss": 0.518600344657898, "auc": 0.8121144771575928, "val_loss": 0.5404757261276245, "val_auc": 0.8408941626548767}, "52": {"loss": 0.4716492295265198, "auc": 0.8510489463806152, "val_loss": 0.49090880155563354, "val_auc": 0.8528106212615967}, "53": {"loss": 0.4644291400909424, "auc": 0.8551701903343201, "val_loss": 0.5199856758117676, "val_auc": 0.8578237891197205}, "54": {"loss": 0.4959532618522644, "auc": 0.8434609770774841, "val_loss": 0.4973449110984802, "val_auc": 0.8449211120605469}, "55": {"loss": 0.46242475509643555, "auc": 0.8581026792526245, "val_loss": 0.5444831252098083, "val_auc": 0.8425377011299133}, "56": {"loss": 0.47082826495170593, "auc": 0.8565264344215393, "val_loss": 0.47509270906448364, "val_auc": 0.8779585957527161}, "57": {"loss": 0.47849997878074646, "auc": 0.8488442301750183, "val_loss": 0.4784913659095764, "val_auc": 0.8691650032997131}, "59": {"loss": 0.4333597719669342, "auc": 0.8781065940856934, "val_loss": 0.5101584196090698, "val_auc": 0.8672748804092407}, "61": {"loss": 0.42412757873535156, "auc": 0.8849823474884033, "val_loss": 0.4399271607398987, "val_auc": 0.8953813314437866}, "62": {"loss": 0.41884616017341614, "auc": 0.8891925811767578, "val_loss": 0.4579989016056061, "val_auc": 0.8805062770843506}, "63": {"loss": 0.42451363801956177, "auc": 0.8817617893218994, "val_loss": 0.4642367362976074, "val_auc": 0.872863233089447}, "65": {"loss": 0.43118178844451904, "auc": 0.8870456218719482, "val_loss": 0.48698967695236206, "val_auc": 0.8652202486991882}, "66": {"loss": 0.3912462294101715, "auc": 0.9020328521728516, "val_loss": 0.47496742010116577, "val_auc": 0.8798487782478333}, "68": {"loss": 0.41409581899642944, "auc": 0.8891507387161255, "val_loss": 0.4733431339263916, "val_auc": 0.8837935924530029}, "70": {"loss": 0.4174874722957611, "auc": 0.8851237297058105, "val_loss": 0.4819667637348175, "val_auc": 0.8928335905075073}, "72": {"loss": 0.4202171266078949, "auc": 0.8905383944511414, "val_loss": 0.46278974413871765, "val_auc": 0.8793556690216064}, "74": {"loss": 0.4319416880607605, "auc": 0.8847886323928833, "val_loss": 0.44293898344039917, "val_auc": 0.889382004737854}, "78": {"loss": 0.4046039581298828, "auc": 0.8997811079025269,