{"0": {"loss": 0.7300096154212952, "auc": 0.9147858619689941, "val_loss": 0.35814064741134644, "val_auc": 0.9732154011726379}, "1": {"loss": 0.2424268126487732, "auc": 0.9873092174530029, "val_loss": 0.3086796700954437, "val_auc": 0.9885300397872925}, "2": {"loss": 0.1763405054807663, "auc": 0.988783061504364, "val_loss": 0.2264178842306137, "val_auc": 0.9923747777938843}, "3": {"loss": 0.16448481380939484, "auc": 0.9947871565818787, "val_loss": 0.3082233965396881, "val_auc": 0.9855183959007263}, "4": {"loss": 0.14500372111797333, "auc": 0.9948866963386536, "val_loss": 0.2864338457584381, "val_auc": 0.984429121017456}, "5": {"loss": 0.23856894671916962, "auc": 0.9856906533241272, "val_loss": 0.30637386441230774, "val_auc": 0.9793028831481934}, "6": {"loss": 0.15761949121952057, "auc": 0.9943938255310059, "val_loss": 0.291047066450119, "val_auc": 0.9876329302787781}, "7": {"loss": 0.10922316461801529, "auc": 0.9963650107383728, "val_loss": 0.2730638384819031, "val_auc": 0.9877611398696899}, "8": {"loss": 0.09231912344694138, "auc": 0.9972647428512573, "val_loss": 0.2533670961856842, "val_auc": 0.990900993347168}, "9": {"loss": 0.4096314609050751, "auc": 0.968550980091095, "val_loss": 0.27696582674980164, "val_auc": 0.9845572710037231}, "10": {"loss": 0.16273264586925507, "auc": 0.9934760332107544, "val_loss": 0.37295037508010864, "val_auc": 0.9855825304985046}, "11": {"loss": 0.10293931514024734, "auc": 0.9978072643280029, "val_loss": 0.24978332221508026, "val_auc": 0.9933998584747314}, "12": {"loss": 0.07232312113046646, "auc": 0.9982187747955322, "val_loss": 0.18545988202095032, "val_auc": 0.9944252967834473}, "16": {"loss": 0.18987859785556793, "auc": 0.9843207001686096, "val_loss": 0.2633141279220581, "val_auc": 0.9925029277801514}, "17": {"loss": 0.07205107063055038, "auc": 0.9985940456390381, "val_loss": 0.26763230562210083, "val_auc": 0.9907087087631226}, "18": {"loss": 0.08705106377601624, "auc": 0.9981644153594971, "val_loss": 0.34379470348358154, "val_auc": 0.9877610802650452}, "19": {"loss": 0.09091470390558243, "auc": 0.9974772334098816, "val_loss": 0.2468540370464325, "val_auc": 0.9938485622406006}, "20": {"loss": 0.060424044728279114, "auc": 0.9992133378982544, "val_loss": 0.280327171087265, "val_auc": 0.9917981028556824}, "21": {"loss": 0.06073978915810585, "auc": 0.999254047870636, "val_loss": 0.2962963879108429, "val_auc": 0.9901320338249207}, "22": {"loss": 0.07359912246465683, "auc": 0.9990189671516418, "val_loss": 0.21592168509960175, "val_auc": 0.9939126372337341}, "26": {"loss": 0.06347823888063431, "auc": 0.9992855787277222, "val_loss": 0.24792347848415375, "val_auc": 0.9903883934020996}, "32": {"loss": 0.09560023993253708, "auc": 0.9975721836090088, "val_loss": 0.22572501003742218, "val_auc": 0.9907727837562561}, "33": {"loss": 0.11487045139074326, "auc": 0.9970115423202515, "val_loss": 0.217366024851799, "val_auc": 0.9923747181892395}, "34": {"loss": 0.0569281242787838, "auc": 0.9995026588439941, "val_loss": 0.3553297817707062, "val_auc": 0.9912214279174805}, "35": {"loss": 0.05968446657061577, "auc": 0.9991275072097778, "val_loss": 0.2544836699962616, "val_auc": 0.992951512336731}, "37": {"loss": 0.04961256682872772, "auc": 0.9997016191482544, "val_loss": 0.2984571158885956, "val_auc": 0.9918621182441711}, "44": {"loss": 0.07978443056344986, "auc": 0.9985306262969971, "val_loss": 0.2663499712944031, "val_auc": 0.9926310777664185}, "49": {"loss": 0.0994800329208374, "auc": 0.99755859375, "val_loss": 0.22885087132453918, "val_auc": 0.9925029277801514}, "70": {"loss": 0.08033816516399384, "auc": 0.998291015625, "val_loss": 0.22473055124282837, "val_auc": 0.9941689372062683}, "71": {"loss": 0.06381098181009293, "auc": 0.9990912079811096, "val_loss": 0.2590935528278351, "val_auc": 0.993079662322998}, "80": {"loss": 0.015786482021212578, "auc": 0.9999548196792603, "val_loss": 0.49577394127845764, "val_auc": 0.9768679141998291}, "final": {"loss": 0.08126814663410187, "auc": 0.9987521171569824, "val_loss": 0.4766775667667389, "val_auc": 0.9692426323890686}}